<?xml version="1.0" encoding="UTF-8"?>

<module xmlns="urn:jboss:module:1.0" name="org.hibernate" slot="3">
	<resources>
		<resource-root path="hibernate3.jar" />
		<resource-root path="hibernate-jpa-2.0-api-1.0.1.Final.jar" />
	</resources>

	<dependencies>
		<module name="org.antlr" />
		<module name="org.apache.commons.collections" />
		<module name="org.dom4j" />
		<module name="org.javassist" />
		<module name="javax.transaction.api" />
		<module name="javax.persistence.api"/>
		<module name="javax.validation.api"/>
		<module name="org.slf4j" />
		<module name="org.infinispan" />
	</dependencies>
</module>

